{
  "methods": [
    "constant",
    "momentum",
    "adagrad",
    "adagradmomentum",
    "rmsprop",
    "adam"
  ],
  "etas_full": [
    1e-08,
    1.7782794100389228e-08,
    3.162277660168379e-08,
    5.6234132519034905e-08,
    1e-07,
    1.7782794100389227e-07,
    3.162277660168379e-07,
    5.62341325190349e-07,
    1e-06,
    1.778279410038923e-06,
    3.162277660168379e-06,
    5.623413251903491e-06,
    1e-05,
    1.778279410038923e-05,
    3.1622776601683795e-05,
    5.623413251903491e-05,
    0.0001,
    0.00017782794100389227,
    0.00031622776601683794,
    0.0005623413251903491,
    0.001,
    0.0017782794100389228,
    0.0031622776601683794,
    0.005623413251903491,
    0.01,
    0.01778279410038923,
    0.03162277660168379,
    0.05623413251903491,
    0.1,
    0.1778279410038923,
    0.31622776601683794,
    0.5623413251903491,
    1.0
  ],
  "etas_sgd": [
    1e-08,
    1.7782794100389228e-08,
    3.162277660168379e-08,
    5.6234132519034905e-08,
    1e-07,
    1.7782794100389227e-07,
    3.162277660168379e-07,
    5.62341325190349e-07,
    1e-06,
    1.778279410038923e-06,
    3.162277660168379e-06,
    5.623413251903491e-06,
    1e-05,
    1.778279410038923e-05,
    3.1622776601683795e-05,
    5.623413251903491e-05,
    0.0001,
    0.00017782794100389227,
    0.00031622776601683794,
    0.0005623413251903491,
    0.001,
    0.0017782794100389228,
    0.0031622776601683794,
    0.005623413251903491,
    0.01
  ],
  "seeds": [
    42,
    1337,
    31415
  ],
  "epochs": 1000,
  "batches_sgd": 60,
  "lam_l1": 0.0,
  "lam_l2": 0.0,
  "n_samples": 200,
  "noise_std": 0.02,
  "val_frac": 0.2,
  "avg_last_n": 50,
  "arch": [
    1,
    30,
    30,
    1
  ],
  "timestamp": "2025-11-08T16:51:13.065004"
}