{
    "SEED": 314,
    "epochs": 1500,
    "lr": 0.001,
    "rho": 0.9,
    "rho2": 0.999,
    "batches": 100,
    "activation_func": "RELU",
    "VAL_LOSS_MODE": "avg_last_n",
    "LAST_N": 100,
    "noise_global": 0.1,
    "noise_train_extra": 0.03,
    "models": [
        {
            "name": "simple",
            "n_hidden": 1,
            "width": 4
        },
        {
            "name": "intermediate",
            "n_hidden": 3,
            "width": 20
        },
        {
            "name": "overfitting",
            "n_hidden": 5,
            "width": 40
        }
    ],
    "lam_l1_list": [
        1e-06,
        3.5938136638046257e-06,
        1.2915496650148827e-05,
        4.641588833612782e-05,
        0.0001668100537200059,
        0.0005994842503189409,
        0.0021544346900318843,
        0.007742636826811277,
        0.02782559402207126,
        0.1
    ],
    "lam_l2_list": [
        1e-06,
        3.5938136638046257e-06,
        1.2915496650148827e-05,
        4.641588833612782e-05,
        0.0001668100537200059,
        0.0005994842503189409,
        0.0021544346900318843,
        0.007742636826811277,
        0.02782559402207126,
        0.1
    ]
}